Country ID,Country,"Time series - Total N2O emissions, in 1000 tonnes of CO2 equivalent",,,,,,,,,,,,,,,,,,,,,,,,,,,,,,"N2O emissions, latest year",% change since 1990,"N2O emissions 
per capita, 
latest year"
,,1990,1991,1992,1993,1994,1995,1996,1997,1998,1999,2000,2001,2002,2003,2004,2005,2006,2007,2008,2009,2010,2011,2012,2013,2014,2015,2016,2017,2018,Latest Year,"1000 tonnes of 
CO2 equivalent",%,kg
4,Afghanistan,...,...,...,...,...,...,...,...,...,...,...,...,...,...,...,"5,942.65",...,...,...,...,...,...,...,"19,610.00",...,...,...,...,...,2013,"19,610.00",...,0.608
8,Albania,96.10,136.40,108.50,96.10,96.10,93.00,83.70,77.50,74.40,77.50,111.72,114.82,114.83,114.82,117.92,114.97,117.92,117.89,120.98,120.96,...,...,...,...,...,...,...,...,...,2009,120.96,25.87,0.041
12,Algeria,...,...,...,...,"9,300.00",...,...,...,...,...,"6,500.70",...,...,...,...,...,...,...,...,...,...,...,...,...,...,...,...,...,...,2000,"6,500.70",...,0.209
24,Angola,...,...,...,...,...,...,...,...,...,...,"13,940.70",...,...,...,...,"13,869.40",...,...,...,...,...,...,...,...,...,...,...,...,...,2005,"13,869.40",...,0.714
28,Antigua and Barbuda,1.58,...,...,...,...,...,...,...,...,...,83.70,...,...,...,...,...,...,...,...,...,...,...,...,...,...,...,...,...,...,2000,83.70,"5,194.12",1.101
32,Argentina,"51,823.68",...,...,...,"56,689.61",...,...,"62,089.62",...,...,"67,503.73",...,...,...,...,...,...,...,...,...,"75,178.82",...,"73,154.41",...,...,...,...,...,...,2012,"73,154.41",41.16,1.752
51,Armenia,169.57,...,...,...,...,...,...,...,...,...,480.81,...,...,...,...,...,682.93,...,...,...,484.07,...,...,...,...,...,...,...,...,2010,484.07,185.47,0.168
36,Australia,53.48,52.21,51.57,53.14,54.75,52.30,56.55,59.22,60.04,61.70,64.99,66.06,67.83,63.83,69.46,69.78,69.54,64.29,65.21,66.51,66.15,68.72,69.87,65.95,67.44,65.63,65.66,71.36,67.50,2018,67.50,26.20,0.003
40,Austria,14.50,14.61,13.98,14.08,13.92,14.24,14.34,14.43,14.59,14.56,14.49,14.08,14.09,14.06,12.09,12.09,12.12,12.16,12.77,12.02,11.37,11.68,11.58,11.53,11.81,11.84,12.15,11.95,11.83,2018,11.83,-18.39,0.001
31,Azerbaijan,"3,772.70","1,925.10","2,132.80","1,701.90","1,429.10","1,295.80","1,308.20","1,515.90","1,729.80","2,346.70","2,343.60","2,548.20","2,700.10","2,777.60","2,879.90","2,852.00","2,873.70","3,084.50","3,025.60","3,193.00","3,137.20","3,087.60","3,422.40","2,767.12",...,...,...,...,...,2013,"2,767.12",-26.65,0.295
44,Bahamas,...,...,...,...,310.00,...,...,...,...,...,38.51,...,...,...,...,...,...,...,...,...,...,...,...,...,...,...,...,...,...,2000,38.51,...,0.129
48,Bahrain,...,...,...,...,40.92,...,...,...,...,...,...,...,...,...,...,...,...,...,...,...,...,...,...,...,...,...,...,...,...,1994,40.92,...,0.074
50,Bangladesh,...,...,...,...,"4,458.76",...,...,...,...,...,...,"16,414.50",...,...,...,"19,114.60",...,...,...,...,...,...,...,...,...,...,...,...,...,2005,"19,114.60",...,0.137
52,Barbados,49.60,...,...,...,49.60,...,...,49.60,...,...,...,...,...,...,...,...,...,...,...,...,...,...,...,...,...,...,...,...,...,1997,49.60,...,0.185
112,Belarus,55.77,54.20,48.47,48.96,41.79,38.96,41.68,42.99,52.52,41.10,41.70,41.72,37.32,39.33,40.66,41.94,44.29,43.95,46.37,47.35,46.88,49.48,48.49,48.21,47.31,46.35,46.89,48.44,47.05,2018,47.05,-15.64,0.005
56,Belgium,33.80,33.36,32.43,33.35,34.71,36.33,37.80,37.05,36.67,36.69,34.27,32.94,31.76,28.75,29.38,28.55,25.18,23.42,23.40,23.73,25.46,21.39,21.16,20.63,20.74,20.25,19.34,20.06,19.14,2018,19.14,-43.39,0.002
84,Belize,...,...,...,...,171.12,...,...,...,...,...,"11,637.47",...,...,598.30,...,...,620.00,...,...,489.80,...,...,...,...,...,...,...,...,...,2009,489.80,...,1.557
204,Benin,...,...,...,...,...,530.16,...,...,...,...,"2,511.00",...,...,...,...,...,...,...,...,...,...,...,...,...,...,...,...,...,...,2000,"2,511.00",...,0.366
64,Bhutan,...,...,...,...,660.30,...,...,...,...,...,465.00,...,...,...,...,...,...,...,...,...,...,...,...,...,...,...,...,...,...,2000,465.00,...,0.787
68,Bolivia (Plurinational State of),576.60,...,...,...,858.70,...,...,...,855.60,...,914.50,...,"1,225.80",...,"1,386.91",...,...,...,...,...,...,...,...,...,...,...,...,...,...,2004,"1,386.91",140.53,0.153
70,Bosnia and Herzegovina,"3,127.90","2,600.90","1,596.50",747.10,852.50,936.20,"1,094.30","1,140.80","1,168.70","1,261.70","1,233.80","1,460.10",...,...,...,...,...,...,...,...,...,...,...,"1,860.00","1,550.00",...,...,...,...,2014,"1,550.00",-50.45,0.445
72,Botswana,...,...,...,...,"2,038.56",...,...,...,...,...,...,...,...,...,...,...,...,...,...,...,...,...,...,...,...,"12,475.14",...,...,...,2015,"12,475.14",...,5.883
76,Brazil,"1,03,022.30","1,06,320.70","1,08,732.50","1,10,961.40","1,14,938.70","1,17,431.10","1,10,338.30","1,13,915.70","1,19,024.50","1,20,118.80","1,25,584.10","1,28,228.40","1,34,986.40","1,44,497.20","1,49,711.40","1,51,890.70","1,53,865.40","1,51,456.70","1,52,578.90","1,53,654.60","1,60,747.40","1,68,748.50","1,68,751.60","1,73,308.60","1,77,397.50","1,75,884.70",...,...,...,2015,"1,75,884.70",70.72,0.860
96,Brunei Darussalam,...,...,...,...,...,...,...,...,...,...,...,...,...,...,...,...,...,...,...,...,27.60,...,...,...,...,...,...,...,...,2010,27.60,...,0.071
100,Bulgaria,30.72,24.05,20.31,18.34,17.83,17.27,16.81,16.00,13.19,13.74,13.98,14.25,14.02,13.46,15.48,14.93,13.34,13.47,14.25,12.93,14.56,13.40,13.65,14.98,16.53,16.90,17.99,17.93,17.58,2018,17.58,-42.77,0.002
854,Burkina Faso,...,...,...,...,365.80,...,...,...,...,...,...,...,...,...,...,...,...,"8,728.67",...,...,...,...,...,...,...,...,...,...,...,2007,"8,728.67",...,0.612
108,Burundi,...,...,...,...,...,...,...,...,909.23,...,...,...,...,...,...,295.92,...,...,...,...,353.80,...,...,...,...,386.00,...,...,...,2015,386.00,...,0.038
132,Cabo Verde,...,...,...,...,...,6.23,...,...,...,...,93.00,...,...,...,...,...,...,...,...,...,...,...,...,...,...,...,...,...,...,2000,93.00,...,0.217
116,Cambodia,...,...,...,...,"3,667.30",...,...,...,...,...,"2,864.40",...,...,...,...,...,...,...,...,...,...,...,...,...,...,...,...,...,...,2000,"2,864.40",...,0.236
120,Cameroon,...,...,...,...,"1,45,246.16",...,...,...,...,...,"16,120.00",...,...,...,...,...,...,...,...,...,...,...,...,...,...,...,...,...,...,2000,"16,120.00",...,1.039
124,Canada,130.42,125.44,127.29,127.25,137.17,138.97,146.07,141.82,129.17,121.88,120.31,116.89,116.42,121.34,128.67,124.87,117.22,119.67,125.53,114.86,112.05,112.79,117.41,123.89,119.84,122.45,124.97,122.67,127.33,2018,127.33,-2.37,0.003
140,Central African Republic,...,...,...,...,"25,643.20",...,...,...,...,...,...,...,...,"2,612.37","2,614.23","2,615.78",78.74,80.29,81.84,83.70,85.56,...,...,...,...,...,...,...,...,2010,85.56,...,0.020
148,Chad,...,...,...,773.85,...,...,...,...,"17,877.70","16,557.10","16,324.60","17,666.90","15,633.30","14,973.00",...,...,...,...,...,...,...,...,...,...,...,...,...,...,...,2003,"14,973.00",...,1.597
152,Chile,"5,797.00",...,...,"7,123.80","6,386.00",...,...,...,...,...,"6,944.00",...,...,...,...,...,"7,969.00",...,...,...,"7,378.00",...,...,"7,192.00",...,...,"6,913.00",...,...,2016,"6,913.00",19.25,0.380
156,China,...,...,...,...,"2,64,120.00",...,...,...,...,...,...,...,...,...,...,"5,00,000.00",...,...,...,...,"5,46,530.00",...,"6,38,600.00",...,"6,09,770.00",...,...,...,...,2014,"6,09,770.00",...,0.436
170,Colombia,"24,636.63",...,...,...,"28,337.72",...,...,...,...,...,"33,321.90",...,...,...,"34,375.90",...,...,...,...,...,...,...,...,...,...,...,...,...,...,2004,"34,375.90",39.53,0.817
174,Comoros,...,...,...,...,386.17,...,...,...,...,...,146.86,...,...,...,...,...,...,...,...,...,...,...,...,...,...,...,...,...,...,2000,146.86,...,0.271
178,Congo,...,...,...,...,117.80,...,...,...,...,...,266.60,...,...,...,...,...,...,...,...,...,...,...,...,...,...,...,...,...,...,2000,266.60,...,0.085
184,Cook Islands,...,...,...,...,37.14,...,...,...,...,...,...,...,...,...,...,...,...,...,...,...,...,...,...,...,...,...,...,...,...,1994,37.14,...,1.947
188,Costa Rica,184.83,...,...,...,...,...,"2,551.30",...,...,...,"2,565.13",...,...,...,...,"2,592.28",...,...,...,...,...,...,...,...,...,...,...,...,...,2005,"2,592.28","1,302.51",0.605
384,Côte d’Ivoire,...,...,...,...,"1,700.04",...,...,...,...,...,"1,85,677.60",...,...,...,...,...,...,...,...,...,...,...,...,...,...,...,...,...,...,2000,"1,85,677.60",...,11.284
191,Croatia,9.78,9.25,9.21,7.87,7.98,7.72,7.63,8.24,7.14,7.83,8.15,8.07,7.96,7.61,8.34,8.32,8.37,8.55,9.58,7.42,8.22,8.47,7.78,5.78,5.56,6.21,5.35,5.81,5.66,2018,5.66,-42.14,0.001
192,Cuba,"6,423.20",...,"4,349.30",...,"3,202.30",...,"3,555.70",...,"3,608.40",...,"3,428.97",...,"3,038.62",...,...,...,...,...,...,...,...,...,...,...,...,...,...,...,...,2002,"3,038.62",-52.69,0.271
196,Cyprus,0.98,0.99,1.09,1.15,1.13,1.27,1.19,1.17,1.25,1.22,1.17,1.28,1.29,1.28,1.15,1.06,1.11,1.09,1.05,1.02,1.08,1.04,1.02,0.94,0.92,0.95,0.97,0.99,1.00,2018,1.00,1.54,0.001
203,Czechia,31.50,27.01,24.18,21.68,21.29,22.28,21.48,21.38,20.99,20.33,21.75,22.58,21.25,19.67,21.97,21.34,20.93,21.12,21.37,18.54,18.12,20.27,19.78,19.03,19.37,20.71,21.82,21.54,20.38,2018,20.38,-35.31,0.002
408,Democratic People's Republic of Korea,"4,030.00",...,...,...,"4,650.00",...,...,...,...,...,930.00,...,930.00,...,...,...,...,...,...,...,...,...,...,...,...,...,...,...,...,2002,930.00,-76.92,0.040
180,Democratic Republic of the Congo,...,...,...,...,"2,557.19",...,...,...,...,"8,990.00","6,606.10","6,317.80","6,271.30","6,060.50",...,...,...,...,...,...,...,...,...,...,...,...,...,...,...,2003,"6,060.50",...,0.118
208,Denmark,27.42,26.89,26.05,25.26,24.98,24.75,23.58,23.69,23.85,24.08,23.88,23.22,23.00,22.59,21.14,19.00,18.55,19.15,19.13,18.46,18.13,18.11,17.81,17.79,18.12,18.15,18.66,18.86,18.19,2018,18.19,-33.65,0.003
262,Djibouti,...,...,...,...,0.57,...,...,...,...,...,449.50,...,...,...,...,...,...,...,...,...,...,...,...,...,...,...,...,...,...,2000,449.50,...,0.626
212,Dominica,...,...,...,...,13.07,...,...,...,...,...,36.45,33.48,31.31,33.17,23.56,30.07,2.36,2.39,2.42,2.39,2.39,2.39,2.39,2.39,2.36,2.36,2.36,2.29,...,2017,2.29,...,0.032
214,Dominican Republic,838.24,...,...,...,778.78,...,...,...,"2,819.45",...,"3,179.98",...,...,...,...,...,...,...,...,...,"3,483.66",...,...,...,...,...,...,...,...,2010,"3,483.66",315.59,0.359
218,Ecuador,"1,51,345.10",...,...,...,...,...,...,...,...,...,...,...,...,...,...,...,...,...,...,...,"7,351.46",...,"7,382.68",...,...,...,...,...,...,2012,"7,382.68",-95.12,0.477
818,Egypt,"10,329.82",...,...,...,...,...,...,...,...,...,"24,445.67",...,...,...,...,"28,933.94",...,...,...,...,...,...,...,...,...,...,...,...,...,2005,"28,933.94",180.10,0.383
222,El Salvador,...,...,...,...,"4,094.48",...,...,...,...,...,...,...,...,...,...,"1,646.10",...,...,...,...,...,...,...,...,...,...,...,...,...,2005,"1,646.10",...,0.272
232,Eritrea,...,...,...,...,"1,866.20",...,...,...,...,...,310.00,...,...,...,...,...,...,...,...,...,...,...,...,...,...,...,...,...,...,2000,310.00,...,0.135
233,Estonia,4.93,4.80,3.99,3.12,2.82,2.57,2.43,2.46,2.54,2.24,2.29,2.25,2.17,2.34,2.46,2.47,2.43,2.65,2.84,2.68,2.73,2.74,2.91,2.92,3.02,3.10,3.02,3.10,3.06,2018,3.06,-37.89,0.002
748,Eswatini,...,...,...,...,414.62,...,...,...,...,...,...,...,...,...,...,...,...,...,...,...,...,...,...,...,...,...,...,...,...,1994,414.62,...,0.457
231,Ethiopia,"3,100.00","4,340.00","4,650.00","4,650.00","12,134.98","11,025.40","11,851.02","15,927.29","16,209.34","16,341.90","15,731.22","16,047.50","18,274.50","17,933.81","19,562.18","10,924.85","18,969.54","13,388.10","21,952.74","22,675.18","23,647.45","20,752.26","24,240.07","24,123.86",...,...,...,...,...,2013,"24,123.86",678.19,0.253
242,Fiji,...,...,...,...,27.90,...,...,...,...,...,...,...,...,...,628.68,...,...,...,...,...,...,...,...,...,...,...,...,...,...,2004,628.68,...,0.769
246,Finland,21.33,19.86,18.42,18.97,19.35,19.81,19.93,19.98,19.39,19.22,19.47,19.12,19.25,19.70,19.99,20.29,19.60,19.83,20.36,17.46,16.14,15.67,15.64,15.77,15.97,15.99,16.03,16.17,16.00,2018,16.00,-24.97,0.003
250,France,222.75,224.59,223.43,220.70,220.96,226.08,231.18,230.95,208.55,188.90,185.29,184.13,174.92,168.59,163.20,160.03,155.70,156.26,153.65,148.49,140.92,136.00,136.71,135.96,140.05,139.49,135.93,140.98,135.31,2018,135.31,-39.26,0.002
266,Gabon,...,...,...,...,949.22,...,...,...,...,...,291.85,...,...,...,...,...,...,...,...,...,...,...,...,...,...,...,...,...,...,2000,291.85,...,0.238
270,Gambia,...,...,...,66.01,...,...,...,...,...,...,"1,102.90",...,...,...,...,...,...,...,...,...,...,...,...,...,...,...,...,...,...,2000,"1,102.90",...,0.837
268,Georgia,622.85,"2,006.94","1,631.84","1,077.87",982.39,999.13,"1,210.55",338.52,...,...,"1,822.09","1,810.37","1,872.49","1,872.80","1,857.18","2,268.08","2,081.20","1,865.58","1,651.33","2,026.79","1,997.68","1,990.30","2,078.44","2,223.46",...,...,...,...,...,2013,"2,223.46",256.98,0.549
276,Germany,209.81,202.54,206.74,197.85,201.56,199.67,204.25,194.51,151.74,139.96,140.14,144.99,142.18,144.41,151.71,145.23,143.71,150.03,151.36,148.39,121.60,125.97,123.70,125.53,127.69,129.76,126.96,125.98,119.19,2018,119.19,-43.19,0.001
288,Ghana,"2,813.56","2,520.61","2,473.80","2,526.50","2,569.90","2,501.70","2,675.30","2,802.09","2,822.55","2,988.40","3,069.00","3,335.60","3,313.90","3,434.80","3,496.80","3,568.10","3,960.56",...,...,...,...,...,...,...,...,...,...,...,...,2006,"3,960.56",40.77,0.177
300,Greece,25.05,24.59,24.06,22.19,21.80,22.49,23.07,22.53,22.27,22.12,21.38,20.93,20.79,20.55,20.56,19.99,19.43,19.77,18.97,17.76,18.42,17.60,16.17,15.16,14.47,14.26,14.44,14.65,14.38,2018,14.38,-42.60,0.001
308,Grenada,...,...,...,...,0.95,...,...,...,...,...,...,...,...,...,...,...,...,...,...,...,...,...,...,...,...,...,...,...,...,1994,0.95,...,0.010
320,Guatemala,"6,409.25",...,...,...,"3,614.91",...,...,...,...,...,"5,203.97",...,...,...,...,"5,159.02",...,...,...,...,...,...,...,...,...,...,...,...,...,2005,"5,159.02",-19.51,0.394
324,Guinea,...,...,...,...,227.63,...,...,...,...,...,"38,130.00",...,...,...,...,...,...,...,...,...,...,...,...,...,...,...,...,...,...,2000,"38,130.00",...,4.627
624,Guinea-Bissau,...,...,...,...,846.67,...,...,...,...,...,...,...,...,...,...,...,773.79,...,...,...,"7,164.10",...,...,...,...,...,...,...,...,2010,"7,164.10",...,4.705
328,Guyana,223.20,223.20,223.20,223.20,223.20,223.20,223.20,223.20,223.20,238.70,238.70,238.70,238.70,238.70,238.70,...,...,...,...,...,...,...,...,...,...,...,...,...,...,2004,238.70,6.94,0.320
332,Haiti,...,...,...,...,"1,137.70","1,373.30","1,435.30","1,472.50","1,519.00","1,522.10","1,565.50",...,...,...,...,...,...,...,...,...,...,...,...,...,...,...,...,...,...,2000,"1,565.50",...,0.185
340,Honduras,...,...,...,...,...,978.42,...,...,...,...,"2,287.80",...,...,...,...,"1,834.27",...,...,...,...,...,...,...,...,...,"1,685.16",...,...,...,2015,"1,685.16",...,0.185
348,Hungary,28.11,19.12,14.91,15.53,18.73,15.94,17.89,17.88,17.57,17.00,18.14,19.65,17.35,17.09,19.75,18.85,17.93,16.09,13.74,12.76,12.51,13.15,12.94,14.08,14.87,15.21,16.11,16.11,16.30,2018,16.30,-41.99,0.002
352,Iceland,1.27,1.23,1.18,1.20,1.21,1.19,1.24,1.22,1.21,1.24,1.17,1.15,1.07,1.04,1.04,1.05,1.08,1.12,1.15,1.06,1.03,1.01,1.03,1.01,1.11,1.05,1.05,1.08,1.03,2018,1.03,-19.27,0.003
356,India,...,...,...,...,"55,304.00",...,...,...,...,...,"79,801.25",...,...,...,...,...,...,...,...,...,"1,14,365.20",...,...,...,...,...,...,...,...,2010,"1,14,365.20",...,0.093
360,Indonesia,"18,017.20","17,973.80","18,972.00","18,717.80","18,162.90",...,...,...,...,...,"28,474.43",...,...,...,...,...,...,...,...,...,...,...,...,...,...,...,...,...,...,2000,"28,474.43",58.04,0.135
364,Iran (Islamic Republic of),...,...,...,...,"21,643.58",...,...,...,...,...,"40,145.00",...,...,...,...,...,...,...,...,...,...,...,...,...,...,...,...,...,...,2000,"40,145.00",...,0.612
368,Iraq,...,...,...,...,...,...,...,"5,580.00",...,...,...,...,...,...,...,...,...,...,...,...,...,...,...,...,...,...,...,...,...,1997,"5,580.00",...,0.260
372,Ireland,25.94,25.11,24.84,25.25,26.12,27.13,27.52,27.15,28.57,27.75,26.70,25.06,23.91,23.53,23.21,22.69,21.80,21.22,21.03,20.44,21.29,19.93,20.46,21.94,21.33,21.33,21.70,22.65,23.33,2018,23.33,-10.03,0.005
376,Israel,...,...,...,...,...,...,"1,898.19",...,...,...,"2,206.71",...,...,"2,420.65","2,540.89","2,542.67","2,564.12","2,754.14","2,600.35","2,362.64","2,414.19","1,929.19","2,261.38","2,236.50","2,337.73","2,296.83","2,253.28","1,788.47","1,936.90",2018,"1,936.90",...,0.231
380,Italy,87.37,90.78,89.22,90.71,88.94,92.55,92.93,96.23,97.15,99.02,96.13,96.79,94.73,94.23,96.92,94.07,77.60,75.19,70.15,66.29,64.02,62.27,63.93,61.37,59.85,59.93,60.74,60.43,59.38,2018,59.38,-32.04,0.001
388,Jamaica,...,...,...,...,"1,06,535.10",...,...,...,...,...,...,...,...,...,...,...,"3,871.90","4,984.80","6,875.80","6,665.00","6,640.20",...,"6,590.60",...,...,...,...,...,...,2012,"6,590.60",...,2.319
392,Japan,106.97,105.97,106.55,106.09,110.31,111.34,115.13,117.84,112.53,91.90,100.35,88.22,86.36,85.83,85.26,83.77,83.35,81.22,78.48,76.32,74.48,73.12,72.05,72.14,70.81,69.59,67.77,68.52,67.11,2018,67.11,-37.26,0.001
400,Jordan,...,...,...,...,78.65,...,...,...,...,...,348.49,...,...,...,...,...,"1,550.00",...,...,...,...,...,...,...,...,...,...,...,...,2006,"1,550.00",...,0.259
398,Kazakhstan,59.56,56.79,59.34,55.13,46.98,43.13,42.91,45.27,49.58,56.95,63.46,61.91,60.62,59.58,57.78,56.33,55.51,55.00,51.92,51.14,51.33,52.63,52.10,52.94,54.81,55.27,55.67,57.20,58.14,2018,58.14,-2.38,0.003
404,Kenya,...,...,...,...,417.17,"11,082.50",...,...,...,...,"10,602.00",...,...,...,...,"12,406.20",...,...,...,...,"13,819.80",...,...,...,...,...,...,...,...,2010,"13,819.80",...,0.329
296,Kiribati,...,...,...,...,0.00,...,...,...,...,...,...,...,...,...,...,...,191.14,200.88,104.39,...,...,...,...,...,...,...,...,...,...,2008,104.39,...,1.057
414,Kuwait,...,...,...,...,136.40,...,...,...,...,...,...,...,...,...,...,...,...,...,...,...,...,...,...,...,...,...,413.54,...,...,2016,413.54,...,0.105
417,Kyrgyzstan,"2,503.84","2,610.85","2,621.79","1,700.78","1,328.44","1,169.88","1,164.11","1,368.46","1,358.98","1,373.36","1,367.32","1,411.03","1,439.52","1,454.86","1,452.69","1,498.82","1,511.53","1,550.00","1,568.94","1,680.26","1,699.30",...,...,...,...,...,...,...,...,2010,"1,699.30",-32.13,0.313
418,Lao People's Democratic Republic,37.20,...,...,...,...,...,...,...,...,...,"2,501.70",...,...,...,...,...,...,...,...,...,...,...,...,...,...,...,...,...,...,2000,"2,501.70","6,625.00",0.470
428,Latvia,10.70,10.32,8.44,6.98,6.20,5.66,5.64,5.62,5.44,5.21,5.23,5.49,5.37,5.52,5.47,5.60,5.60,5.77,5.70,5.77,5.87,5.87,6.09,6.17,6.30,6.45,6.43,6.49,6.29,2018,6.29,-41.25,0.003
422,Lebanon,...,...,...,...,970.46,...,...,...,...,...,"1,041.60",...,...,...,...,...,...,...,...,...,...,954.80,967.20,"1,008.08",...,...,...,...,...,2013,"1,008.08",...,0.170
426,Lesotho,...,...,...,...,213.90,...,...,...,...,...,"1,450.80",...,...,...,...,...,...,...,...,...,...,...,...,...,...,...,...,...,...,2000,"1,450.80",...,0.714
430,Liberia,...,...,...,...,...,...,...,...,...,...,310.00,...,...,...,...,...,...,...,...,...,...,...,...,...,...,...,...,...,...,2000,310.00,...,0.109
438,Liechtenstein,0.03,0.03,0.03,0.03,0.03,0.03,0.03,0.03,0.03,0.03,0.03,0.03,0.03,0.03,0.03,0.03,0.03,0.03,0.03,0.03,0.03,0.03,0.03,0.03,0.03,0.03,0.03,0.03,0.03,2018,0.03,-10.23,0.001
440,Lithuania,17.58,18.01,12.34,10.76,9.59,9.42,10.95,11.33,12.13,11.96,12.64,13.02,13.81,14.16,14.92,15.81,15.63,18.32,17.43,10.47,10.11,11.26,10.67,9.90,10.35,10.42,10.18,10.30,9.92,2018,9.92,-43.59,0.004
442,Luxembourg,1.04,1.08,1.11,1.08,1.07,1.07,1.08,1.07,1.05,1.07,1.07,1.01,1.00,0.92,1.01,0.95,0.94,0.96,0.98,0.97,1.00,1.01,0.99,0.99,1.00,1.00,1.03,1.05,1.05,2018,1.05,0.85,0.002
450,Madagascar,...,...,...,...,"13,032.40",...,...,...,...,...,"20,677.00",...,...,...,...,"13,516.00","14,208.60","14,141.50","14,142.30","14,335.20","14,505.80",...,...,...,...,...,...,...,...,2010,"14,505.80",...,0.686
454,Malawi,331.70,...,...,...,"2,405.60",...,...,...,...,...,...,...,...,...,...,...,...,...,...,...,...,...,...,...,...,...,...,...,...,1994,"2,405.60",625.23,0.247
458,Malaysia,"5,262.38","5,805.77","6,454.00","7,220.30","7,063.77","6,489.76","6,554.02","8,343.31","8,891.21","8,751.61","9,455.85","7,826.22","9,145.56","9,369.81","10,669.66","11,788.83","10,877.00","11,976.95","14,097.09","14,722.58","15,050.28","13,574.35",...,...,...,...,...,...,...,2011,"13,574.35",157.95,0.474
462,Maldives,...,...,...,...,...,...,...,...,...,...,...,...,...,...,...,...,...,...,...,...,...,13.33,13.33,14.26,15.81,16.74,...,...,...,2015,16.74,...,0.037
466,Mali,...,...,...,...,...,554.41,...,...,...,...,"1,773.20",...,...,...,...,...,...,...,...,...,"36,439.26",...,...,...,...,...,...,...,...,2010,"36,439.26",...,2.421
470,Malta,0.19,0.19,0.19,0.20,0.20,0.21,0.20,0.20,0.21,0.20,0.21,0.20,0.20,0.20,0.20,0.20,0.20,0.20,0.19,0.18,0.18,0.15,0.15,0.15,0.15,0.15,0.15,0.14,0.14,2018,0.14,-24.46,0.000
584,Marshall Islands,...,...,...,...,...,...,...,...,...,...,2.02,...,...,...,...,2.03,...,...,...,...,2.81,...,...,...,...,...,...,...,...,2010,2.81,...,0.050
478,Mauritania,...,...,...,...,...,20.17,...,...,...,...,"1,660.05",...,...,...,...,...,...,...,...,...,...,...,...,...,...,...,...,...,...,2000,"1,660.05",...,0.631
480,Mauritius,...,...,...,...,...,572.57,...,...,...,...,302.84,274.91,286.50,300.05,290.69,191.98,71.30,...,...,...,...,...,...,77.50,...,...,...,...,...,2013,77.50,...,0.062
484,Mexico,"31,350.47","30,231.62","29,841.76","30,407.08","30,599.13","30,067.72","30,496.94","31,118.91","32,288.73","31,906.31","31,975.82","32,114.14","30,961.53","31,307.40","31,485.18","31,016.82","31,192.74","32,508.58","31,648.35","31,841.64","32,738.37","32,414.50","33,078.09","34,822.27",...,...,...,...,...,2013,"34,822.27",11.07,0.293
583,Micronesia (Federated States of),...,...,...,...,2.92,...,...,...,...,...,16.09,...,...,...,...,...,...,...,...,...,...,...,...,...,...,...,...,...,...,2000,16.09,...,0.150
492,Monaco,0.01,0.01,0.01,0.01,0.01,0.01,0.01,0.01,0.01,0.01,0.01,0.01,0.01,0.01,0.01,0.01,0.01,0.01,0.01,0.01,0.01,0.01,0.01,0.01,0.01,0.01,0.01,0.01,0.01,2018,0.01,38.87,0.000
496,Mongolia,31.00,31.00,31.00,31.00,31.00,31.00,31.00,31.00,31.00,...,...,...,...,...,...,...,458.80,...,...,...,...,...,...,...,...,...,...,...,...,2006,458.80,"1,380.00",0.179
499,Montenegro,382.85,385.95,362.70,342.55,341.00,347.20,353.71,341.62,330.46,324.26,316.20,300.70,294.50,310.00,306.90,244.90,243.35,226.30,229.40,202.12,226.30,223.82,...,...,...,...,...,...,...,2011,223.82,-41.54,0.358
504,Morocco,...,...,...,...,"8,680.00",...,...,...,...,...,"17,062.40",...,...,...,...,...,...,...,...,...,"29,556.98",...,"17,552.20",...,...,...,...,...,...,2012,"17,552.20",...,0.528
508,Mozambique,716.10,...,...,...,981.15,...,...,...,...,...,...,...,...,...,...,...,...,...,...,...,...,...,...,...,...,...,...,...,...,1994,981.15,37.01,0.066
104,Myanmar,...,...,...,...,...,...,...,...,...,...,"2,690.99","2,780.89","2,839.79","2,957.62","3,094.02","3,311.02",...,...,...,...,...,...,...,...,...,...,...,...,...,2005,"3,311.02",...,0.068
516,Namibia,...,...,...,...,229.40,...,...,...,...,...,310.00,...,...,...,...,...,...,...,...,...,...,...,...,...,...,...,...,...,...,2000,310.00,...,0.173
520,Nauru,...,...,...,...,0.31,...,...,...,...,...,0.60,...,...,0.68,...,...,...,0.35,...,...,0.44,...,...,...,...,...,...,...,...,2010,0.44,...,0.044
524,Nepal,...,...,...,...,"9,641.00",...,...,...,...,...,"9,470.50",...,...,...,...,...,...,...,...,...,...,...,...,...,...,...,...,...,...,2000,"9,470.50",...,0.396
528,Netherlands,60.51,61.09,61.94,62.86,61.24,60.94,61.09,60.21,58.27,55.95,54.18,50.88,48.17,47.76,49.26,48.96,48.81,43.27,30.61,29.94,28.96,28.23,27.69,28.29,28.72,29.56,28.45,29.05,28.02,2018,28.02,-53.70,0.002
554,New Zealand,16.53,16.80,16.92,17.63,18.41,19.23,19.46,19.76,19.57,19.68,20.73,21.99,22.90,23.50,23.65,23.79,23.56,22.72,22.70,22.38,23.07,23.69,24.19,24.26,24.74,25.00,25.06,25.16,25.48,2018,25.48,54.10,0.005
558,Nicaragua,...,...,...,...,793.60,...,...,...,...,...,"3,871.13",...,...,...,...,...,...,...,...,...,...,...,...,...,...,...,...,...,...,2000,"3,871.13",...,0.764
562,Niger,817.56,...,...,...,...,...,...,...,...,...,"4,960.00",...,...,...,...,...,...,...,"2,170.00",...,...,...,...,...,...,...,...,...,...,2008,"2,170.00",165.42,0.142
566,Nigeria,...,...,...,...,"3,655.29",...,...,...,...,...,"7,440.00",...,...,...,...,...,...,...,...,...,...,...,...,...,...,...,...,...,...,2000,"7,440.00",...,0.061
570,Niue,...,...,...,...,0.01,...,...,...,...,...,0.02,...,...,...,...,0.02,0.03,0.05,0.02,0.02,...,...,...,...,...,...,...,...,...,2009,0.02,...,0.012
807,North Macedonia,"1,251.73","1,218.50","1,219.15","1,195.11","1,325.94","1,173.34","1,057.00",969.98,936.33,844.82,860.49,796.96,568.57,"1,219.01","1,262.41","1,091.91","1,160.11","1,039.21",946.22,905.97,...,...,...,...,...,...,...,...,...,2009,905.97,-27.62,0.438
578,Norway,13.80,13.27,11.48,12.15,12.38,12.47,12.53,12.50,12.80,13.52,12.84,12.60,13.42,12.92,13.41,13.64,12.52,11.93,10.45,8.60,8.30,8.29,8.30,8.21,8.24,8.36,8.13,7.99,7.88,2018,7.88,-42.88,0.001
512,Oman,...,...,...,...,"7,087.22",...,...,...,...,...,...,...,...,...,...,...,...,...,...,...,...,...,...,...,...,...,...,...,...,1994,"7,087.22",...,3.299
585,Palau,...,...,...,...,6.76,6.26,6.26,6.26,6.26,6.26,10.20,...,...,...,...,10.08,...,...,...,...,...,...,...,...,...,...,...,...,...,2005,10.08,...,0.509
591,Panama,...,...,...,...,"2,793.10",...,...,...,...,...,"1,382.60",...,...,...,...,...,...,...,...,...,...,...,...,...,...,...,...,...,...,2000,"1,382.60",...,0.456
598,Papua New Guinea,...,...,...,...,"3,782.00",...,...,...,...,...,"4,617.76",...,...,...,...,...,...,...,...,...,...,...,...,...,...,...,...,...,...,2000,"4,617.76",...,0.790
600,Paraguay,"37,003.78",...,...,...,"9,473.60",...,...,...,...,...,"8,308.00",...,...,...,...,"13,877.15",...,...,...,...,...,"19,895.80","20,292.60",...,...,...,...,...,...,2012,"20,292.60",-45.16,3.160
604,Peru,...,...,...,...,"13,531.50",...,...,...,...,...,"11,119.00",...,...,...,...,...,...,...,...,...,"13,784.06",...,"14,197.00",...,...,...,...,...,...,2012,"14,197.00",...,0.481
608,Philippines,...,...,...,...,"14,002.70",...,...,...,...,...,"12,378.30",...,...,...,...,...,...,...,...,...,...,...,...,...,...,...,...,...,...,2000,"12,378.30",...,0.159
616,Poland,95.96,81.48,75.73,79.17,79.19,82.60,82.49,82.77,82.43,80.68,81.35,82.52,77.69,76.71,78.84,79.66,81.13,83.92,82.42,71.60,70.18,71.29,71.58,72.13,70.62,68.18,70.39,73.72,74.18,2018,74.18,-22.69,0.002
620,Portugal,13.04,12.91,12.79,12.50,12.45,12.99,13.64,13.80,13.88,14.24,14.89,14.45,14.11,12.95,13.49,12.91,12.46,13.03,12.72,11.69,11.61,10.73,10.78,10.82,11.23,10.87,10.62,10.91,10.79,2018,10.79,-17.21,0.001
634,Qatar,...,...,...,...,...,...,...,...,...,...,...,...,...,...,...,...,...,451.67,...,...,...,...,...,...,...,...,...,...,...,2007,451.67,...,0.371
410,Republic of Korea,"9,154.61","9,672.00","12,291.50","12,818.50","13,677.20","14,728.10","15,769.70","16,761.70","17,025.20","17,539.80","18,342.70","18,525.60","18,355.10","21,758.90","24,285.40","22,862.50","22,158.80","13,078.90","12,514.70","12,945.60","13,615.20","13,370.30","13,943.80","14,148.40","13,878.70","14,322.00","14,830.40",...,...,2016,"14,830.40",62.00,0.291
498,Republic of Moldova,"3,212.81","2,973.80","2,364.40","2,330.58","1,801.44","1,915.92","1,790.31","1,923.89","1,722.52","1,564.12","1,415.07","1,566.28","1,610.00","1,388.19","1,636.99","1,647.68","1,579.67",983.51,"1,605.30","1,385.61","1,581.37","1,608.03","1,190.09","1,674.28",...,...,...,...,...,2013,"1,674.28",-47.89,0.411
642,Romania,53.29,37.55,37.61,39.85,37.08,39.39,37.67,36.57,32.50,30.64,32.26,31.77,29.30,31.65,35.93,35.40,31.54,31.53,27.52,25.38,26.15,27.31,24.94,25.51,24.57,25.00,25.21,26.35,28.92,2018,28.92,-45.74,0.001
643,Russian Federation,490.08,456.68,414.44,378.33,331.09,305.81,286.92,278.06,252.49,247.05,253.84,254.84,256.87,250.59,248.43,246.99,247.00,253.03,262.10,262.18,251.68,265.50,257.48,262.89,266.35,272.30,283.93,289.44,288.36,2018,288.36,-41.16,0.002
646,Rwanda,...,...,...,...,...,...,...,...,...,...,...,...,807.53,...,...,"4,139.96",...,...,...,...,...,...,...,...,...,...,...,...,...,2005,"4,139.96",...,0.468
659,Saint Kitts and Nevis,...,...,...,...,34.10,...,...,...,...,...,...,...,...,...,...,...,...,...,...,...,...,...,...,...,...,...,...,...,...,1994,34.10,...,0.819
662,Saint Lucia,...,...,...,...,22.05,...,...,...,...,...,32.21,...,...,...,...,28.43,...,...,...,...,32.67,...,...,...,...,...,...,...,...,2010,32.67,...,0.188
670,Saint Vincent and the Grenadines,248.56,...,...,...,222.21,...,...,239.20,...,...,48.67,...,...,...,59.83,...,...,...,...,...,...,...,...,...,...,...,...,...,...,2004,59.83,-75.93,0.551
882,Samoa,...,...,...,...,389.25,...,...,...,...,...,...,...,...,...,...,...,...,...,...,...,...,...,...,...,...,...,...,...,...,1994,389.25,...,2.308
674,San Marino,...,...,...,...,...,...,...,...,...,...,...,...,...,...,...,...,...,1.86,...,...,1.75,...,...,...,...,...,...,...,...,2010,1.75,...,0.056
678,Sao Tome and Principe,...,...,...,...,...,...,...,...,...,...,...,...,...,...,...,...,...,...,...,...,...,...,22.33,...,...,...,...,...,...,2012,22.33,...,0.119
682,Saudi Arabia,"10,476.48",...,...,...,...,...,...,...,...,...,"11,788.06",...,...,...,...,...,...,...,...,...,"10,684.62",...,"12,049.70",...,...,...,...,...,...,2012,"12,049.70",15.02,0.413
686,Senegal,...,...,...,...,...,...,...,...,...,...,"3,617.70",...,...,...,...,"1,745.30",...,...,...,...,...,...,...,...,...,...,...,...,...,2005,"1,745.30",...,0.157
688,Serbia,"8,751.30",...,...,...,...,...,...,...,"6,823.10",...,...,...,...,...,...,...,...,...,...,...,...,...,...,...,...,...,...,...,...,1998,"6,823.10",-22.03,0.704
690,Seychelles,...,...,...,...,...,23.25,...,...,...,...,11.86,...,...,...,...,...,...,...,...,...,...,...,...,...,...,...,...,...,...,2000,11.86,...,0.146
702,Singapore,...,...,...,...,58.90,...,...,...,...,...,334.87,...,...,...,...,...,...,...,...,...,438.62,...,411.67,...,...,...,...,...,...,2012,411.67,...,0.077
703,Slovakia,14.48,11.38,9.31,7.75,9.29,9.73,10.35,10.34,9.31,7.84,8.56,9.46,9.25,9.20,10.00,9.80,10.55,10.11,9.95,8.85,8.20,6.99,6.74,6.69,7.10,6.91,7.15,6.77,7.04,2018,7.04,-51.35,0.001
705,Slovenia,2.53,2.35,2.56,2.44,2.62,2.78,2.89,2.94,2.94,2.92,3.03,2.99,2.75,2.65,2.58,2.59,2.63,2.65,2.52,2.50,2.47,2.51,2.52,2.42,2.45,2.53,2.55,2.47,2.53,2018,2.53,-0.12,0.001
90,Solomon Islands,...,...,...,...,...,...,...,...,...,...,29.44,...,...,...,...,...,...,...,...,...,...,...,...,...,...,...,...,...,...,2000,29.44,...,0.071
710,South Africa,"23,302.70",...,...,...,"20,673.90",...,...,...,...,...,...,...,...,...,...,...,...,...,...,...,...,...,...,...,...,...,...,...,...,1994,"20,673.90",-11.28,0.510
728,South Sudan,...,...,...,...,...,...,...,...,...,...,...,...,...,...,...,...,...,...,...,...,...,...,"15,213.22","15,284.55","15,419.04","15,429.48",...,...,...,2015,"15,429.48",...,1.440
724,Spain,61.38,59.23,57.58,53.62,58.96,58.45,65.83,64.53,66.51,69.85,73.18,69.84,67.19,71.27,68.81,66.39,66.36,66.90,60.54,59.97,61.07,57.80,55.55,57.93,60.12,60.87,60.06,62.18,61.79,2018,61.79,0.66,0.001
144,Sri Lanka,...,...,...,"7,440.00","7,827.57","7,440.00",...,...,...,...,"1,072.29",...,...,...,...,...,...,...,...,...,...,...,...,...,...,...,...,...,...,2000,"1,072.29",...,0.057
275,State of Palestine,...,...,...,...,...,...,...,...,...,...,...,...,...,...,...,...,...,...,...,...,...,523.53,...,...,...,...,...,...,...,2011,523.53,...,0.126
729,Sudan,...,...,...,...,...,"9,920.00",...,...,...,...,"17,670.00",...,...,...,...,...,...,...,...,...,...,...,...,...,...,...,...,...,...,2000,"17,670.00",...,0.648
752,Sweden,19.26,18.85,18.34,19.04,19.15,18.74,18.78,18.79,18.92,18.19,17.90,17.49,17.09,16.98,17.01,16.65,16.46,15.92,16.19,15.62,16.19,15.17,15.04,15.18,15.36,15.43,15.36,15.96,15.11,2018,15.11,-21.54,0.002
756,Switzerland,11.16,11.12,10.94,11.25,11.08,11.18,10.94,10.87,10.65,10.55,11.10,10.90,10.99,10.33,10.08,10.46,10.10,10.42,10.00,9.63,10.11,9.87,10.07,9.74,9.67,9.77,9.69,10.34,9.66,2018,9.66,-13.44,0.001
762,Tajikistan,"2,790.00","3,100.00","2,790.00","2,790.00","2,480.00","2,170.00","2,170.00","2,170.00","2,170.00","1,860.00","1,860.00","1,860.00","2,170.00","2,170.00","2,480.00","2,480.00","2,170.00","2,170.00","1,860.00","2,790.00","2,790.00",...,...,...,...,...,...,...,...,2010,"2,790.00",...,0.371
764,Thailand,...,...,...,...,"17,190.12",...,...,...,...,...,...,...,...,...,...,...,...,...,...,...,...,...,...,"17,118.20",...,...,...,...,...,2013,"17,118.20",...,0.251
626,Timor-Leste,...,...,...,...,...,...,...,...,...,...,...,...,...,...,...,...,...,...,...,...,467.18,...,...,...,...,...,...,...,...,2010,467.18,...,0.427
768,Togo,...,...,"2,638.10","3,258.10","2,762.10","2,783.21","3,568.10","3,695.20","3,757.20",...,"2,346.70",...,...,...,...,"2,895.40",...,...,...,...,...,...,...,...,...,...,...,...,...,2005,"2,895.40",...,0.516
776,Tonga,...,...,...,...,43.40,...,...,...,...,...,55.80,...,...,...,...,...,42.78,...,...,...,...,...,...,...,...,...,...,...,...,2006,42.78,...,0.421
780,Trinidad and Tobago,332.63,...,...,...,...,...,...,...,...,...,...,...,...,...,...,...,...,...,...,...,...,...,...,...,...,...,...,...,...,1990,332.63,...,0.272
788,Tunisia,...,...,...,...,"4,261.11",...,...,...,...,...,"5,760.73",...,...,...,...,...,...,...,...,...,...,...,...,...,...,...,...,...,...,2000,"5,760.73",...,0.593
792,Turkey,83.32,82.64,84.35,87.04,78.73,79.68,81.99,80.25,84.74,85.74,82.82,77.80,77.68,82.84,84.60,87.45,94.46,91.93,87.02,94.81,99.34,102.93,106.75,113.51,115.03,117.54,125.52,130.34,130.62,2018,130.62,56.77,0.002
795,Turkmenistan,...,...,...,...,909.01,...,...,...,...,...,"1,392.68",...,...,...,"1,780.92",...,...,...,...,...,"1,643.08",...,...,...,...,...,...,...,...,2010,"1,643.08",...,0.323
798,Tuvalu,...,...,...,...,0.00,...,...,...,...,...,...,...,...,...,...,...,...,...,...,...,...,...,...,...,5.00,...,...,...,...,2014,5.00,...,0.455
800,Uganda,...,...,...,...,"14,164.83",...,...,...,...,...,"16,724.50",...,...,...,...,...,...,...,...,...,...,...,...,...,...,...,...,...,...,2000,"16,724.50",...,0.707
804,Ukraine,179.31,161.98,150.06,140.67,120.79,110.13,95.48,98.04,87.06,79.80,79.80,84.20,85.71,76.65,84.98,86.04,87.22,85.94,103.32,89.89,91.85,111.86,106.99,118.78,118.44,110.73,121.78,116.96,129.69,2018,129.69,-27.67,0.003
784,United Arab Emirates,...,...,...,...,"55,118.00",...,...,...,...,...,"6,169.00",...,...,...,...,"6,138.00",...,...,...,...,...,...,...,...,449.82,...,...,...,...,2014,449.82,...,0.049
826,United Kingdom of Great Britain and Northern Ireland,155.07,155.80,139.32,125.11,127.25,123.02,122.99,123.84,123.71,91.75,89.55,84.44,78.97,77.55,79.37,76.33,72.51,72.68,70.53,65.66,66.80,64.16,63.70,63.47,65.46,63.80,63.56,64.79,64.46,2018,64.46,-58.43,0.001
834,United Republic of Tanzania,"15,082.65",...,...,...,"14,376.25",...,...,...,...,...,...,...,...,...,...,...,...,...,...,...,...,...,...,...,...,...,...,...,...,1994,"14,376.25",-4.68,0.499
840,United States of America,"1,458.47","1,425.60","1,423.99","1,518.02","1,468.32","1,507.58","1,546.50","1,498.87","1,499.96","1,464.43","1,420.50","1,471.55","1,465.26","1,466.93","1,498.98","1,451.79","1,438.64","1,476.28","1,421.63","1,417.66","1,447.73","1,415.62","1,316.32","1,473.74","1,507.60","1,489.33","1,429.76","1,413.62","1,458.15",2018,"1,458.15",-0.02,0.004
858,Uruguay,"7,254.00",...,...,...,"7,812.00",...,...,...,"10,594.47",...,"7,507.89",...,"10,217.57",...,"8,282.58",...,"11,545.14",...,"11,873.93",...,"8,466.72",...,"9,768.10",...,"9,202.07",...,"8,575.65","8,823.53",...,2017,"8,823.53",21.64,2.567
860,Uzbekistan,"12,840.80","13,354.70","13,329.70","12,747.60","11,991.10","11,428.40","11,331.20","11,132.00","11,195.40","10,858.40","10,682.20","10,350.90","10,594.10","10,428.80","10,438.10","9,421.20","9,068.80","9,118.80","9,539.30","9,989.20","10,479.60","10,966.90","11,203.70",...,...,...,...,...,...,2012,"11,203.70",-12.75,0.380
548,Vanuatu,...,...,...,...,9.02,...,...,...,...,...,179.80,...,...,...,...,...,...,...,...,...,...,...,...,...,...,...,...,...,...,2000,179.80,...,0.972
862,Venezuela (Bolivarian Republic of),...,...,...,...,...,...,...,...,...,"16,144.80",...,...,...,...,...,...,...,...,...,...,...,...,...,...,...,...,...,...,...,1999,"16,144.80",...,0.680
704,Viet Nam,...,...,...,...,"10,177.30",...,...,...,...,...,"16,389.70",...,...,...,...,...,...,...,...,...,"32,696.29",...,...,"34,645.60",...,...,...,...,...,2013,"34,645.60",...,0.382
887,Yemen,...,...,...,...,...,"4,660.85",...,...,...,...,"3,769.60",...,...,...,...,...,...,...,...,...,"4,789.50",...,"6,916.10",...,...,...,...,...,...,2012,"6,916.10",...,0.283
894,Zambia,...,...,...,...,"19,470.08",...,...,...,...,...,"5,328.71",...,...,...,...,...,...,...,...,...,...,...,...,...,...,...,...,...,...,2000,"5,328.71",...,0.512
716,Zimbabwe,...,...,...,...,"2,982.25",...,...,...,...,...,"36,195.60",...,...,...,...,...,"4,825.77",...,...,...,...,...,...,...,...,...,...,...,...,2006,"4,825.77",...,0.397
